First Name,Last Name,Email,Phone,Opportunity Number,Application ID,Program
Connie,Clark,c.clark@randatmail.com,298-4550-40,022zv5m2hp,98691487,"German Language & Culture in Berlin, Germany"
Ryan,Baker,r.baker@randatmail.com,452-3158-02,033629og0y,77137568,"Ocean Conservation & Sustainability in Cape Town, South Africa"
Jessica,Campbell,j.campbell@randatmail.com,778-4153-06,07nq14yxer,54464237,"K-Pop Immersion in Seoul, South Korea"
Jenna,Dixon,j.dixon@randatmail.com,944-8470-74,087skqpkkm,56577861,"Leadership & Service in Youth Development in Yucatan, Mexico"
Vivian,Perry,v.perry@randatmail.com,448-1626-54,09gpzhd6gh,93591097,"Japanese Language & Culture in Kyoto, Japan"
Julia,Allen,j.allen@randatmail.com,078-5357-64,09nzezb9sx,82843023,"Leadership & Service in Public Health in Santiago, Dominican Republic"
Tiana,Evans,t.evans@randatmail.com,576-8529-04,09rmfuuxez,96810965,"Leadership & Service in Youth Development in Mohammedia, Morocco"
Victoria,Andrews,v.andrews@randatmail.com,743-4832-80,0c71q3rf3k,96189049,"Global Entrepreneurship in Dublin, Ireland"
Isabella,Tucker,i.tucker@randatmail.com,241-3666-96,0f3vwzhxxq,56252781,"Japanese Language & Culture in Kyoto, Japan"
Darcy,Andrews,d.andrews@randatmail.com,753-0640-63,0g5l7w21wr,55499479,"Engineering in the Home of Airbus in Toulouse, France"
Rubie,Richardson,r.richardson@randatmail.com,273-3740-79,0g8fxf0pjc,68030977,"Japanese Language & Culture in Kyoto, Japan"
Chelsea,Fowler,c.fowler@randatmail.com,210-5329-20,0hqn1vsruc,14764506,"Spanish Language & Culture in Madrid, Spain"
Fenton,Walker,f.walker@randatmail.com,941-5433-17,0r25o11yj8,64723615,"Japanese Language & Culture in Kyoto, Japan"
Patrick,Martin,p.martin@randatmail.com,312-5993-74,0r6fk3y9h2,57436130,"French Language & Culture in Paris, France"
Oliver,Murphy,o.murphy@randatmail.com,564-8937-80,0v4tqfpgh0,35165507,"Japanese Language & Culture in Kyoto, Japan"
Heather,Alexander,h.alexander@randatmail.com,843-9084-41,0vf2yjnitz,38865613,"Women in STEM for Environmental Action in Monteverde, Costa Rica"
John,Cameron,j.cameron@randatmail.com,298-5046-83,0vpblxa1nw,81348967,"Spanish Language & Culture in Madrid, Spain"
Thomas,Campbell,t.campbell@randatmail.com,907-0943-68,0xisxyc020,42744316,"Leadership & Service in Youth Development in Yucatan, Mexico"
Lydia,Ellis,l.ellis@randatmail.com,378-8105-88,0xocal39d3,39043545,"Honors Spanish Language & Culture in Seville, Spain"
Oscar,Taylor,o.taylor@randatmail.com,071-6070-63,0zb3gbop57,36091654,"Japanese Language & Culture in Kyoto, Japan"
Fenton,Hamilton,f.hamilton@randatmail.com,808-1451-74,15tr3keyfr,21174307,"Spanish Language & Culture in Barcelona, Spain"
Julia,Montgomery,j.montgomery@randatmail.com,397-8678-36,17x68laueq,30433951,"French Language & Culture in Paris, France"
Grace,Harris,g.harris@randatmail.com,551-2479-98,1929evu3j1,67580290,"Spanish Language & Culture in Barcelona, Spain"
Kirsten,Holmes,k.holmes@randatmail.com,435-4576-21,1998ws4uls,89926163,"Spanish Language & Culture in Barcelona, Spain"
Paul,Lloyd,p.lloyd@randatmail.com,574-7441-27,19ov72g5ke,53206391,"French Language & Culture in Paris, France"
Sophia,Harris,s.harris@randatmail.com,291-7181-64,1dpq6zbo9z,94370995,"Spanish Language & Culture in Madrid, Spain"
Tess,Howard,t.howard@randatmail.com,766-5167-49,1in4yjikui,47072744,"Spanish Language & Culture in Barcelona, Spain"
Martin,Walker,m.walker@randatmail.com,981-2723-39,1jig7g7zuc,77501386,"Japanese Language & Culture in Kyoto, Japan"
Michael,Mason,m.mason@randatmail.com,176-5668-44,1k8nrb0ktp,66074605,"French Language & Culture in Paris, France"
Frederick,Johnston,f.johnston@randatmail.com,212-8373-76,1lali47or5,30473820,"French Language & Culture in Paris, France"
Sydney,Evans,s.evans@randatmail.com,674-6289-84,1nvt35n89n,11833217,"Leadership & Service in Public Health in Santiago, Dominican Republic"
Florrie,Roberts,f.roberts@randatmail.com,668-3891-80,1oc6wk1rta,93277743,"Japanese Language & Culture in Kyoto, Japan"
Penelope,Richardson,p.richardson@randatmail.com,038-4217-20,1r1nmevefx,44884708,"Japanese Language & Culture in Kyoto, Japan"
Emily,Lloyd,e.lloyd@randatmail.com,970-7191-19,23aur9i2ez,66220052,"French Language & Culture in Paris, France"
Rosie,Myers,r.myers@randatmail.com,599-1998-87,2a5tbvft2h,51836220,"Japanese Language & Culture in Kyoto, Japan"
Kelvin,Douglas,k.douglas@randatmail.com,813-0698-55,2duv12hv1e,31009059,"Spanish Language & Culture in Barcelona, Spain"
Sienna,Gray,s.gray@randatmail.com,121-5786-92,2lplyzz2pz,54846210,"Spanish Language & Culture in Seville, Spain"
Amelia,Roberts,a.roberts@randatmail.com,345-5152-44,2lq65lw478,67266037,"Japanese Language & Culture in Kyoto, Japan"
Marcus,Roberts,m.roberts@randatmail.com,720-7715-99,2mfdqne9pd,47503231,"Japanese Language & Culture in Kyoto, Japan"
Connie,West,c.west@randatmail.com,459-6722-75,2oul56yjon,94501307,"Japanese Language & Culture in Tokyo, Japan"
Oscar,Phillips,o.phillips@randatmail.com,159-8115-83,2oy2xp1hrh,42108534,"Japanese Language & Culture in Kyoto, Japan"
Stella,Wilson,s.wilson@randatmail.com,157-5307-65,2qvi4byprd,46552642,"Japanese Language & Culture in Tokyo, Japan"
Natalie,Bailey,n.bailey@randatmail.com,049-7931-33,2rme3sdgtm,96975225,"Smart Cities and Sustainability in Amsterdam, Netherlands"
Rebecca,Adams,r.adams@randatmail.com,130-1582-14,2tfiuwrbsm,23422803,"Botswanan Wildlife Conservation in Gaborone, Botswana"
Adam,Barnes,a.barnes@randatmail.com,585-8637-13,2uo4ztfr54,72177928,"Italian Language & Culture in Rome, Italy"
Frederick,Williams,f.williams@randatmail.com,211-6129-89,2veo9ksy17,15861972,"Japanese Language & Culture in Tokyo, Japan"
Violet,Owens,v.owens@randatmail.com,572-8345-90,2wyut173s7,67315473,"Japanese Language & Culture in Kyoto, Japan"
Harold,Grant,h.grant@randatmail.com,226-8232-22,31nsv4jxxa,77740007,"Spanish Language & Culture in Madrid, Spain"
Roman,Walker,r.walker@randatmail.com,924-8919-29,320tjugegc,90338219,"Japanese Language & Culture in Kyoto, Japan"
Caroline,Sullivan,c.sullivan@randatmail.com,860-8295-93,32uidad3ir,73882707,"Japanese Language & Culture in Kyoto, Japan"
Fenton,Davis,f.davis@randatmail.com,673-8783-36,39x1tu4tli,86934375,"Japanese Pop Culture: Anime, Manga & Gaming in Tokyo, Japan"
Elian,Anderson,e.anderson@randatmail.com,205-5530-49,3bcpw7067u,62629292,"Spanish Language & Culture in Palma de Mallorca, Spain"
Frederick,Jones,f.jones@randatmail.com,080-2613-89,3haddk29ej,92578899,"French Language & Culture in Paris, France"
Freddie,Ryan,f.ryan@randatmail.com,426-8106-16,3m25dka1v2,79882622,"Japanese Language & Culture in Kyoto, Japan"
James,Wilson,j.wilson@randatmail.com,637-9172-03,3tc41oic6z,67188402,"Japanese Language & Culture in Tokyo, Japan"
Martin,Douglas,m.douglas@randatmail.com,358-0727-59,3vgg02t34g,82495518,"Spanish Language & Culture in Madrid, Spain"
Thomas,Barnes,t.barnes@randatmail.com,635-0462-12,3wjnxyir0v,17677056,"Leadership & Service in Children's Education in Legon, Ghana"
Alina,Cole,a.cole@randatmail.com,824-2927-39,3wkp59u4gn,34044056,"Honors Spanish Language & Culture in Seville, Spain"
Luke,Clark,l.clark@randatmail.com,027-0741-14,404av2uh8j,93989247,Global Entrepreneurship & Innovation in Europe
Oscar,Andrews,o.andrews@randatmail.com,093-0322-14,43jtjmc7eo,85338547,"Leadership & Service in Children's Education in Legon, Ghana"
Kellan,Stevens,k.stevens@randatmail.com,771-6570-34,4es8be8quk,82283859,"Japanese Language & Culture in Kyoto, Japan"
Dominik,Phillips,d.phillips@randatmail.com,853-8526-18,4fcajri7yv,62210381,"Japanese Language & Culture in Kyoto, Japan"
William,Murphy,w.murphy@randatmail.com,842-7196-30,4hyzgf9h5n,84479471,"Japanese Language & Culture in Kyoto, Japan"
Charlie,Crawford,c.crawford@randatmail.com,671-8703-81,4i2nekwvkq,59744326,"Chinese Language & Taiwanese Culture in Taipei, Taiwan"
Savana,Holmes,s.holmes@randatmail.com,294-4013-07,4k7s80hq05,78093464,"Spanish Language & Culture in Barcelona, Spain"
Haris,Stewart,h.stewart@randatmail.com,477-9998-03,4qod1sgogr,38599276,"Japanese Language & Culture in Kyoto, Japan"
Alisa,Morrison,a.morrison@randatmail.com,272-3280-24,4rlhumqnrx,95852552,"Japanese Language & Culture in Kyoto, Japan"
Oscar,Edwards,o.edwards@randatmail.com,538-3698-41,4rum5mxhgz,58721519,"Spanish Language & Culture in Seville, Spain"
Tiana,Harper,t.harper@randatmail.com,770-7647-20,4svtl4q9l6,20891037,"Spanish Language & Culture in Barcelona, Spain"
Jordan,Watson,j.watson@randatmail.com,503-0347-96,50lwc3ifad,58662078,"Japanese Language & Culture in Kyoto, Japan"
Alexander,Thomas,a.thomas@randatmail.com,764-3117-53,53xd7ddelm,72292159,"Japanese Language & Culture in Kyoto, Japan"
Tiana,Anderson,t.anderson@randatmail.com,079-8572-40,54bd0m7gok,39919467,"Honors Spanish Language & Culture in Seville, Spain"
Vanessa,Jones,v.jones@randatmail.com,421-9055-04,54o8sk3p0w,16834952,"French Language & Culture in Paris, France"
Miller,Montgomery,m.montgomery@randatmail.com,171-4788-27,55iiym7i9v,48010155,"French Language & Culture in Paris, France"
George,Payne,g.payne@randatmail.com,319-3961-64,58l7tv3dq7,96664252,"Japanese Language & Culture in Kyoto, Japan"
Roland,Johnson,r.johnson@randatmail.com,696-4793-04,5dnjhq2wqu,45827538,"Spanish Language & Culture in Barcelona, Spain"
Rebecca,Thomas,r.thomas@randatmail.com,849-7819-60,5e4pyfhhiq,77465623,"Japanese Language & Culture in Kyoto, Japan"
Catherine,Bailey,c.bailey@randatmail.com,642-3365-41,5gdafs5y0s,29587132,"Leadership & Service in Youth Development in Mohammedia, Morocco"
Alina,Howard,a.howard@randatmail.com,182-0055-42,5ix4x8mht2,42169710,"Spanish Language & Culture in Barcelona, Spain"
Maximilian,Fowler,m.fowler@randatmail.com,326-0587-96,5nfi4t7ndg,75161629,"Spanish Language & Culture in Madrid, Spain"
Brianna,Ferguson,b.ferguson@randatmail.com,567-3326-80,5oqhv95f40,32846313,"Smart Cities and Sustainability in Amsterdam, Netherlands"
Naomi,Hamilton,n.hamilton@randatmail.com,904-9343-56,5pzzdn1339,39125433,"Spanish Language & Culture in Madrid, Spain"
Tyler,Myers,t.myers@randatmail.com,690-9992-80,5tq1c82gr4,99382539,"Japanese Language & Culture in Kyoto, Japan"
Joyce,Turner,j.turner@randatmail.com,304-4850-02,5y4dkcwvt0,46633360,"Japanese Language & Culture in Kyoto, Japan"
Ted,Farrell,t.farrell@randatmail.com,377-2453-70,60mq6qq2bx,13836767,"Ocean Conservation & Sustainability in Cape Town, South Africa"
Harold,Craig,h.craig@randatmail.com,040-0725-17,646xzgx8um,49594220,"Arabic Language & Moroccan Culture in Rabat, Morocco"
Paul,Craig,p.craig@randatmail.com,526-3794-04,649i3dbl6x,73200423,"Art-Making in Prague's Creative Studios, Czech Republic"
Vanessa,Hunt,v.hunt@randatmail.com,879-6018-58,65m3st53i1,52569636,"Spanish Language & Culture in Barcelona, Spain"
Ryan,Harper,r.harper@randatmail.com,331-3055-11,672nh2vqid,38273283,"Spanish Language & Culture in Barcelona, Spain"
Ashton,Hunt,a.hunt@randatmail.com,874-3556-43,68e039006j,95298162,"Spanish Language & Culture in Barcelona, Spain"
Darcy,Foster,d.foster@randatmail.com,088-1078-06,6a41nwbg7j,65999950,"Spanish Language & Culture in Barcelona, Spain"
Thomas,Cooper,t.cooper@randatmail.com,327-5711-13,6cd03ja4v5,34992504,"Honors Spanish Language & Culture in Seville, Spain"
Charlotte,Kelly,c.kelly@randatmail.com,913-8876-52,6d2n74jiot,90398645,"French Language & Culture in Paris, France"
Mike,Campbell,m.campbell@randatmail.com,125-8621-69,6dx7jomw7l,30385502,"Leadership & Service in Public Health in Santiago, Dominican Republic"
Nicholas,Williams,n.williams@randatmail.com,768-5529-75,6ifv0tdjby,26467312,"Japanese Language & Culture in Tokyo, Japan"
Blake,Ellis,b.ellis@randatmail.com,980-8744-71,6iyn1auc9e,23386273,"Honors Spanish Language & Culture in Madrid, Spain"
Rubie,Robinson,r.robinson@randatmail.com,609-0773-26,6jhf5jpfgw,30981459,"Japanese Language & Culture in Kyoto, Japan"
Oliver,Howard,o.howard@randatmail.com,226-1339-25,6jmzggq966,90783034,"Spanish Language & Culture in Barcelona, Spain"
Rafael,Cameron,r.cameron@randatmail.com,115-0005-23,6k4mjdz9wc,23198821,"Spanish Language & Mexican Culture in Yucatan, Mexico"
Briony,Wright,b.wright@randatmail.com,126-2125-42,6mwv9rqoda,49885294,"Japanese Language & Culture in Tokyo, Japan"
Fiona,Chapman,f.chapman@randatmail.com,719-5279-28,6t3f0625t7,33270623,"Global Entrepreneurship in Singapore, Singapore"
Tess,Hunt,t.hunt@randatmail.com,635-7514-42,6tf8yp2ggo,81199647,"Spanish Language & Culture in Barcelona, Spain"
Miranda,Casey,m.casey@randatmail.com,920-8118-23,6v7ph6bm1i,85178201,Global Entrepreneurship & Innovation in Europe
Richard,Rogers,r.rogers@randatmail.com,852-9171-13,73e4ddrdyg,99366258,"Japanese Language & Culture in Kyoto, Japan"
Lyndon,Adams,l.adams@randatmail.com,169-4933-10,74v8g3uitp,26869865,Australian Wildlife Conservation From Land to Sea
Robert,Carter,r.carter@randatmail.com,405-4365-47,77qb8w7jth,19751600,"Spanish Language & Mexican Culture in Yucatan, Mexico"
Victor,Henderson,v.henderson@randatmail.com,720-8149-89,783vvuatmt,96452111,"Spanish Language & Culture in Barcelona, Spain"
Owen,Stewart,o.stewart@randatmail.com,421-2934-74,78xyk652pj,14588645,"Japanese Language & Culture in Kyoto, Japan"
Alfred,Mason,a.mason@randatmail.com,732-6300-89,7dmy27foq5,53060352,"French Language & Culture in Paris, France"
Daryl,Evans,d.evans@randatmail.com,061-2971-23,7dz9sbx2ka,72992400,"K-Pop Immersion in Seoul, South Korea"
Daryl,Barrett,d.barrett@randatmail.com,079-1172-87,7es69q1m9e,85876568,"Spanish Language & Culture in Barcelona, Spain"
Kevin,Stewart,k.stewart@randatmail.com,052-0583-87,7gcqf115q0,91254550,"Japanese Language & Culture in Kyoto, Japan"
Isabella,Grant,i.grant@randatmail.com,194-1948-71,7j67w7csjc,33477649,"Spanish Language & Culture in Palma de Mallorca, Spain"
Rafael,Scott,r.scott@randatmail.com,442-3041-95,7j6rdyeoeo,18923527,"Japanese Language & Culture in Kyoto, Japan"
Wilson,Campbell,w.campbell@randatmail.com,177-0272-92,7kz5p5olcb,39871155,"Leadership & Service Through Mandela's Example in Cape Town, South Africa"
Garry,Fowler,g.fowler@randatmail.com,653-7673-61,7m74ee6kaq,56073172,"Spanish Language & Culture in Palma de Mallorca, Spain"
Antony,Barrett,a.barrett@randatmail.com,983-1465-84,7olz30f89r,66377559,"Leadership & Service in Public Health in Santiago, Dominican Republic"
Sam,Johnson,s.johnson@randatmail.com,302-3553-06,7sxyady8hn,88921215,"Spanish Language & Culture in Barcelona, Spain"
Naomi,Brooks,n.brooks@randatmail.com,226-3491-17,7y6gm7tw4j,64708087,"Spanish Language & Mexican Culture in Yucatan, Mexico"
Naomi,Cameron,n.cameron@randatmail.com,898-6086-91,8544vvfupd,94931903,"Spanish Language & Culture in Palma de Mallorca, Spain"
David,Hamilton,d.hamilton@randatmail.com,051-8587-91,8ewyh127kg,60527343,"Spanish Language & Culture in Madrid, Spain"
Audrey,Perkins,a.perkins@randatmail.com,181-0273-45,8ezk68tban,88822201,"Japanese Language & Culture in Kyoto, Japan"
Gianna,Nelson,g.nelson@randatmail.com,340-5314-51,8fkup3pryt,19227312,"Japanese Language & Culture in Kyoto, Japan"
Valeria,Ryan,v.ryan@randatmail.com,857-0967-21,8ic7khtnhc,37407665,"Japanese Language & Culture in Kyoto, Japan"
Edgar,Henderson,e.henderson@randatmail.com,840-2087-21,8lml7rujgl,95139107,"Spanish Language & Culture in Barcelona, Spain"
Julia,Bailey,j.bailey@randatmail.com,024-6357-71,8lxxpjt3qf,89904865,"Spanish Language & Mexican Culture in Yucatan, Mexico"
Edgar,Riley,e.riley@randatmail.com,751-5894-84,8mo1b6drhf,96776471,"Japanese Language & Culture in Kyoto, Japan"
Victor,Payne,v.payne@randatmail.com,608-6989-77,8tkqaj9jgn,63005840,"Japanese Language & Culture in Kyoto, Japan"
Ned,Cunningham,n.cunningham@randatmail.com,487-2505-47,8tvgxs7lf9,69498942,"Italian Language & Culture in Rome, Italy"
Sam,Clark,s.clark@randatmail.com,728-1284-46,8wl3e6xe1f,84531633,"Honors French Language & Culture in Rennes, France"
Alen,Brown,a.brown@randatmail.com,222-7515-54,915k2k9ob5,33412079,"Japanese Pop Culture: Anime, Manga & Gaming in Tokyo, Japan"
Abigail,Myers,a.myers@randatmail.com,642-3138-70,91n1lohvva,50484605,"Japanese Language & Culture in Kyoto, Japan"
Brianna,Harper,b.harper@randatmail.com,740-0078-91,92xtdbx6xw,52167214,"Spanish Language & Culture in Madrid, Spain"
Martin,Brown,m.brown@randatmail.com,318-6638-61,9365jowku3,66671413,"Spanish Language & Culture in Seville, Spain"
Thomas,Owens,t.owens@randatmail.com,759-2106-30,9545u4x3td,25117750,"Japanese Language & Culture in Kyoto, Japan"
Penelope,Alexander,p.alexander@randatmail.com,387-0516-93,97z4921xs7,36900826,"Global Entrepreneurship in Berlin, Germany"
Adison,Robinson,a.robinson@randatmail.com,988-6057-28,99rcpn02y9,84632638,"Japanese Language & Culture in Kyoto, Japan"
Lana,Rogers,l.rogers@randatmail.com,340-9999-23,9a9l5q3af5,60196239,"Japanese Language & Culture in Kyoto, Japan"
Paige,Brooks,p.brooks@randatmail.com,485-9242-98,9dradp6c7y,22747883,"Italian Language & Culture in Rome, Italy"
Patrick,Watson,p.watson@randatmail.com,127-3867-02,9ihu1c5y3n,58488671,"Japanese Language & Culture in Kyoto, Japan"
Michelle,Watson,m.watson@randatmail.com,819-1062-74,9lf6rhn92f,40557707,"Japanese Language & Culture in Kyoto, Japan"
Adam,Johnston,a.johnston@randatmail.com,281-7769-18,9lwh08ingk,54898304,"Spanish Language & Culture in Barcelona, Spain"
Oliver,Robinson,o.robinson@randatmail.com,509-4977-61,9nb659ihen,25578683,"Japanese Language & Culture in Kyoto, Japan"
Edgar,Craig,e.craig@randatmail.com,393-7232-79,9wflzldbpr,46205333,"Advocating for Social Justice in Dublin, Ireland"
Maddie,Moore,m.moore@randatmail.com,241-5151-59,9z8fjip6zu,18418089,"French Language & Culture in Paris, France"
Fiona,Martin,f.martin@randatmail.com,848-3995-37,9zajlrr7fv,58746131,"French Language & Culture in Paris, France"
Charlie,Owens,c.owens@randatmail.com,341-8882-50,a1pc3tikop,55109512,"Japanese Language & Culture in Kyoto, Japan"
Mary,Tucker,m.tucker@randatmail.com,303-1318-39,a2idke4bm3,99787442,"Japanese Language & Culture in Kyoto, Japan"
Joyce,Morris,j.morris@randatmail.com,508-1591-11,a3c227yncu,81750408,"Japanese Language & Culture in Kyoto, Japan"
Garry,Chapman,g.chapman@randatmail.com,525-4535-16,a4m6p8dkg6,39972925,"Honors French Language & Culture in Rennes, France"
Darcy,Ross,d.ross@randatmail.com,242-1119-31,a5vs7q0ar5,62213125,"Japanese Language & Culture in Kyoto, Japan"
Eric,Warren,e.warren@randatmail.com,033-7372-31,a8jot5vz3r,42023437,"Japanese Language & Culture in Kyoto, Japan"
Vincent,Harris,v.harris@randatmail.com,271-7185-18,a8qrfck0ku,87962561,"Spanish Language & Culture in Madrid, Spain"
Sofia,Williams,s.williams@randatmail.com,808-4033-46,a9zgfro650,10307874,"Japanese Language & Culture in Tokyo, Japan"
Adison,Lloyd,a.lloyd@randatmail.com,541-3436-35,aaah3hfu95,69093633,"French Language & Culture in Paris, France"
Arnold,Bennett,a.bennett@randatmail.com,074-2842-35,aahj0se46s,25237751,"Spanish Language & Culture in Seville, Spain"
Jared,Harrison,j.harrison@randatmail.com,419-3325-47,acgi8wcycx,39608352,"Spanish Language & Culture in Madrid, Spain"
Carina,Thompson,c.thompson@randatmail.com,049-1821-43,aexm28t7u1,18078304,"Japanese Language & Culture in Kyoto, Japan"
Belinda,Armstrong,b.armstrong@randatmail.com,618-7285-31,af6iyqx1hp,10902103,Global Entrepreneurship & Innovation in Europe
Lenny,Dixon,l.dixon@randatmail.com,770-3044-61,afzj6m3p1d,10959477,"Mediterranean Marine Ecosystems & Sustainability in Palma de Mallorca, Spain"
Catherine,Wells,c.wells@randatmail.com,431-8321-89,ajkwqlaj9z,22699430,"Japanese Language & Culture in Tokyo, Japan"
Derek,Taylor,d.taylor@randatmail.com,015-9192-14,ajvz7t1f3d,57894914,"Japanese Language & Culture in Kyoto, Japan"
Emily,Harris,e.harris@randatmail.com,036-3355-91,al8x1veidx,81785961,"Spanish Language & Culture in Madrid, Spain"
Ted,Brown,t.brown@randatmail.com,595-6644-54,amzgbfgmws,14654437,"Mediterranean Marine Ecosystems & Sustainability in Palma de Mallorca, Spain"
Emily,Mason,e.mason@randatmail.com,635-2086-53,ar54cjlkzh,30407445,"French Language & Culture in Paris, France"
Dainton,Tucker,d.tucker@randatmail.com,105-4654-58,av0rwogma7,62272477,"Japanese Language & Culture in Kyoto, Japan"
Natalie,Morrison,n.morrison@randatmail.com,660-9042-99,avm7a0oma1,25210637,"Japanese Language & Culture in Kyoto, Japan"
Haris,Andrews,h.andrews@randatmail.com,989-8215-39,avsbvzbtdl,81208022,"French Language & Culture in Toulouse, France"
Stuart,Ferguson,s.ferguson@randatmail.com,776-6738-48,aw5uj1416f,22481080,"Taking Climate Action in Copenhagen, Denmark"
Ted,Morgan,t.morgan@randatmail.com,744-0889-86,awm4tst4xz,67502647,"Japanese Language & Culture in Kyoto, Japan"
Roland,Ellis,r.ellis@randatmail.com,295-3077-85,axy2ffdswg,65671634,"Italian Language & Culture in Rome, Italy"
Patrick,Ferguson,p.ferguson@randatmail.com,878-4949-28,b0aocda4qm,58493473,"Spanish Language & Mexican Culture in Yucatan, Mexico"
Caroline,Anderson,c.anderson@randatmail.com,525-2462-07,b2ych0k0n9,50706964,"Honors Spanish Language & Culture in Madrid, Spain"
Martin,Carroll,m.carroll@randatmail.com,439-9542-72,b6vldvyymt,48488039,"Spanish Language & Argentinian Culture in Buenos Aires, Argentina"
Olivia,Murray,o.murray@randatmail.com,408-2186-28,b8onujets4,30107002,"Japanese Language & Culture in Kyoto, Japan"
Hailey,Gibson,h.gibson@randatmail.com,277-2196-24,beeh00f7bi,45601409,"Spanish Language & Culture in Madrid, Spain"
Melanie,Gibson,m.gibson@randatmail.com,161-5036-28,bef1dnm2id,82594272,"Spanish Language & Culture in Seville, Spain"
Heather,Wells,h.wells@randatmail.com,354-2499-70,bezw6i5p15,28671997,"Japanese Language & Culture in Tokyo, Japan"
Vanessa,Craig,v.craig@randatmail.com,020-2327-66,bfwsgk1rhs,16112798,"Botswanan Wildlife Conservation in Gaborone, Botswana"
Chloe,Foster,c.foster@randatmail.com,310-7163-29,bgckgg1f06,43795672,"Women in STEM for Environmental Action in Monteverde, Costa Rica"
Preston,Clark,p.clark@randatmail.com,539-8887-30,bhvvx6sbki,10087790,"Global Entrepreneurship in Singapore, Singapore"
Justin,Cole,j.cole@randatmail.com,320-9818-27,bipo46yupy,96777665,"French Language & Culture in Toulouse, France"
Jack,Walker,j.walker@randatmail.com,079-2573-74,bj958uog03,30927507,"Japanese Language & Culture in Kyoto, Japan"
Grace,Tucker,g.tucker@randatmail.com,717-7525-39,bls42subpk,42419923,"Japanese Language & Culture in Kyoto, Japan"
Miller,Hill,m.hill@randatmail.com,972-0132-65,boca27op8y,89930086,"Spanish Language & Culture in Barcelona, Spain"
Caroline,Smith,c.smith@randatmail.com,228-9179-49,bojitnh89b,55912339,"Japanese Language & Culture in Kyoto, Japan"
Alexia,Thompson,a.thompson@randatmail.com,540-0341-85,br1t0azyan,40881864,"Japanese Language & Culture in Kyoto, Japan"
Arnold,Campbell,a.campbell@randatmail.com,528-5300-72,br307jjbyp,96394839,"Japanese Language & Culture in Tokyo, Japan"
Ned,Harper,n.harper@randatmail.com,334-0165-25,btjyy02j3e,39448909,"Spanish Language & Culture in Barcelona, Spain"
Myra,Foster,m.foster@randatmail.com,051-4157-80,busy2nwh0m,78248629,"Spanish Language & Culture in Seville, Spain"
Maya,Henderson,m.henderson@randatmail.com,889-2393-69,bvxmh75kn4,95189461,"Spanish Language & Culture in Barcelona, Spain"
Dexter,Morgan,d.morgan@randatmail.com,522-3567-11,c1m5c5m2bo,79321208,"French Language & Culture in Paris, France"
Wilson,Richards,w.richards@randatmail.com,812-9530-13,c2q8z3k7lt,39633117,"Japanese Language & Culture in Kyoto, Japan"
Melanie,Davis,m.davis@randatmail.com,791-5737-64,cbmzkuxj1d,83988476,"Leadership & Service in Children's Education in Legon, Ghana"
Jared,Mason,j.mason@randatmail.com,177-2981-63,cibns4e3ay,89450951,"French Language & Culture in Paris, France"
Vanessa,Miller,v.miller@randatmail.com,711-6813-99,cjbwa0pcia,18033463,"French Language & Culture in Paris, France"
Rebecca,Campbell,r.campbell@randatmail.com,903-4090-26,cjy2tnkr9h,57123220,"Leadership & Service in Youth Development in Mohammedia, Morocco"
Evelyn,Mitchell,e.mitchell@randatmail.com,559-1449-93,ck9rymlwdp,39435577,"French Language & Culture in Paris, France"
Kimberly,Grant,k.grant@randatmail.com,214-3598-62,courd4h9ex,49623053,"Spanish Language & Culture in Barcelona, Spain"
Myra,Sullivan,m.sullivan@randatmail.com,269-7404-39,cpowjqpwvt,85604431,"Japanese Language & Culture in Kyoto, Japan"
Adam,Reed,a.reed@randatmail.com,727-7942-28,cr254r3tdq,42017640,"Japanese Language & Culture in Kyoto, Japan"
Belinda,Watson,b.watson@randatmail.com,595-2644-04,creg8vts2d,79749949,"Japanese Language & Culture in Kyoto, Japan"
Nicole,Wilson,n.wilson@randatmail.com,727-9113-88,csle4ch4jz,42830706,"Japanese Language & Culture in Tokyo, Japan"
Adele,Richards,a.richards@randatmail.com,641-6352-26,cv2nrvztr5,19223859,"Japanese Language & Culture in Kyoto, Japan"
Charlie,Gray,c.gray@randatmail.com,232-1276-97,cvkch89dck,10787135,"Spanish Language & Culture in Madrid, Spain"
Mary,Martin,m.martin@randatmail.com,941-4194-73,cwrk214r23,38911379,"French Language & Culture in Paris, France"
Kimberly,Johnson,k.johnson@randatmail.com,985-7990-10,d4gh791mm7,95631627,"Spanish Language & Culture in Barcelona, Spain"
Jasmine,Thomas,j.thomas@randatmail.com,429-2138-56,d4tbpujgbj,27035130,"Japanese Language & Culture in Kyoto, Japan"
Richard,Murray,r.murray@randatmail.com,194-0507-26,d7y025k9o8,82651951,"Japanese Language & Culture in Kyoto, Japan"
Kirsten,Rogers,k.rogers@randatmail.com,769-9573-53,d99qiuwyft,82790039,"Japanese Language & Culture in Kyoto, Japan"
Florrie,Evans,f.evans@randatmail.com,716-4973-16,d9v2ehodz5,95626435,"Leadership & Service in Children's Education in Legon, Ghana"
Walter,Brooks,w.brooks@randatmail.com,010-3803-50,da3b4aoe4h,77616574,"Japanese Language & Culture in Tokyo, Japan"
Alen,Cooper,a.cooper@randatmail.com,269-9982-99,da8jfny95z,67234296,Global Entrepreneurship & Innovation in Europe
Sam,Casey,s.casey@randatmail.com,758-2504-27,dlvicb1h3l,16344979,"Global Entrepreneurship in Berlin, Germany"
Catherine,Walker,c.walker@randatmail.com,193-2144-95,dmtibitq60,24491632,"Japanese Language & Culture in Kyoto, Japan"
Ryan,Perry,r.perry@randatmail.com,115-6311-40,dnuj0i3ftt,77692142,"Japanese Language & Culture in Kyoto, Japan"
Kristian,Wilson,k.wilson@randatmail.com,827-5938-96,drgh2ywdoa,47363806,"Japanese Language & Culture in Tokyo, Japan"
Frederick,Cameron,f.cameron@randatmail.com,071-1713-06,dv60vg3zcy,13249904,"Smart Cities and Sustainability in Amsterdam, Netherlands"
Vivian,Ross,v.ross@randatmail.com,939-5141-98,dw3dml2xkt,50267820,"Japanese Language & Culture in Kyoto, Japan"
Kristian,Elliott,k.elliott@randatmail.com,598-8024-64,dxx4a5d9l5,65989869,"Women in STEM for Environmental Action in Monteverde, Costa Rica"
Thomas,Harris,t.harris@randatmail.com,128-5075-91,dxy8yvq5ju,80573405,"Spanish Language & Culture in Barcelona, Spain"
April,Fowler,a.fowler@randatmail.com,970-3943-19,e1cre9xq8i,55843334,"Spanish Language & Culture in Barcelona, Spain"
Blake,Holmes,b.holmes@randatmail.com,834-4427-68,ecb9b0ptcx,82503115,"Spanish Language & Culture in Barcelona, Spain"
Blake,Hawkins,b.hawkins@randatmail.com,874-9321-72,efh3hgk7d5,84061606,"Spanish Language & Culture in Madrid, Spain"
Amanda,Andrews,a.andrews@randatmail.com,072-7477-19,ehytz1g3n2,56544214,"French Language & Culture in Paris, France"
Lucia,Ryan,l.ryan@randatmail.com,031-4516-26,eigqrz31pc,11605694,"Japanese Language & Culture in Kyoto, Japan"
Kelvin,Crawford,k.crawford@randatmail.com,359-1179-07,ent1kq0fhi,22644202,"Creative Writing in Literary London in London, England"
Amber,Holmes,a.holmes@randatmail.com,318-8172-77,es9sjbws70,39804987,"Spanish Language & Culture in Barcelona, Spain"
Jenna,Roberts,j.roberts@randatmail.com,769-7118-58,et2f4qz8h2,12557047,"Japanese Language & Culture in Kyoto, Japan"
Ryan,Hawkins,r.hawkins@randatmail.com,541-7283-12,ew09l1oicu,44248434,"Spanish Language & Culture in Barcelona, Spain"
Marcus,Baker,m.baker@randatmail.com,975-2317-32,ezy15kxsjh,45869129,"Ocean Conservation & Sustainability in Cape Town, South Africa"
Rubie,Payne,r.payne@randatmail.com,770-9187-41,f0sh8suvrt,14792919,"Japanese Language & Culture in Kyoto, Japan"
Bruce,Johnson,b.johnson@randatmail.com,811-6895-11,f2jaqtcpjq,68584260,"Spanish Language & Culture in Barcelona, Spain"
Audrey,Smith,a.smith@randatmail.com,638-2187-59,fb223ewrf1,24209661,"Japanese Language & Culture in Kyoto, Japan"
Dexter,Hawkins,d.hawkins@randatmail.com,229-0974-56,fdk0lj34zv,55627325,"Spanish Language & Culture in Barcelona, Spain"
Myra,Rogers,m.rogers@randatmail.com,529-6631-39,fhg87y1ruk,57982753,"Japanese Language & Culture in Kyoto, Japan"
Luke,Wright,l.wright@randatmail.com,369-2859-83,fj4e5b6x0d,11819127,"Japanese Language & Culture in Tokyo, Japan"
Sydney,Payne,s.payne@randatmail.com,809-6735-69,fjlcwiwv31,14177867,"Japanese Language & Culture in Kyoto, Japan"
Emma,Phillips,e.phillips@randatmail.com,814-0388-42,fqvj6osp7r,40113150,"Japanese Language & Culture in Kyoto, Japan"
Roland,Henderson,r.henderson@randatmail.com,467-5619-51,fu1cvzjgct,28198299,"Spanish Language & Culture in Barcelona, Spain"
Darcy,Morris,d.morris@randatmail.com,441-2279-58,fu7wcdxn9q,36703835,"Japanese Language & Culture in Kyoto, Japan"
Rosie,Tucker,r.tucker@randatmail.com,445-6453-81,g2hysathgz,22702071,"Japanese Language & Culture in Kyoto, Japan"
Amanda,Dixon,a.dixon@randatmail.com,220-8601-51,g3r48zjeqy,57437690,"Leadership & Service in Youth Development in Santiago, Dominican Republic"
Paige,Harper,p.harper@randatmail.com,566-1376-77,g5wyq0o7kr,92001665,"Spanish Language & Culture in Madrid, Spain"
Oscar,Bennett,o.bennett@randatmail.com,640-2285-35,g9mhkl2n4k,44205648,"Spanish Language & Argentinian Culture in Buenos Aires, Argentina"
Mary,Harrison,m.harrison@randatmail.com,413-2323-48,gdp52tpves,16956949,"Spanish Language & Culture in Barcelona, Spain"
Adelaide,Warren,a.warren@randatmail.com,185-1937-43,gg2bcvfd8r,99524848,"Japanese Language & Culture in Kyoto, Japan"
Carina,Hawkins,c.hawkins@randatmail.com,530-4236-41,gg2ndn8w5m,91942298,"Spanish Language & Culture in Barcelona, Spain"
Eddy,Taylor,e.taylor@randatmail.com,920-1916-36,ghilzkoq8p,83814574,"Japanese Language & Culture in Kyoto, Japan"
Aida,Armstrong,a.armstrong@randatmail.com,571-2257-47,gi1koyd42m,21424171,"Advocating for Social Justice in Dublin, Ireland"
Kelvin,Walker,k.walker@randatmail.com,006-9343-59,gj4qimy2nm,47849768,"Japanese Language & Culture in Kyoto, Japan"
Maddie,Cooper,m.cooper@randatmail.com,689-2162-60,gktdbiciej,42256928,"Honors French Language & Culture in Rennes, France"
Annabella,Watson,a.watson@randatmail.com,822-9067-63,gm7yia4jhx,33416582,"Japanese Language & Culture in Kyoto, Japan"
Ned,Andrews,n.andrews@randatmail.com,519-9095-43,gp217qbmuo,86022909,"Creative Writing in Literary London in London, England"
Jenna,Henderson,j.henderson@randatmail.com,439-5214-00,gtccqi02uk,63405867,"Spanish Language & Culture in Barcelona, Spain"
David,Sullivan,d.sullivan@randatmail.com,812-4097-47,gtsq9b9j1k,90498408,"Japanese Language & Culture in Kyoto, Japan"
Maria,Smith,m.smith@randatmail.com,682-8962-00,gxq4ztojpg,67708781,"Japanese Language & Culture in Kyoto, Japan"
Ada,Henderson,a.henderson@randatmail.com,486-5738-21,gxrxu80u6t,49399692,"Spanish Language & Culture in Barcelona, Spain"
Tess,Allen,t.allen@randatmail.com,243-2397-24,gxyuur1tcw,16486792,"Spanish Language & Culture in Barcelona, Spain"
Myra,Parker,m.parker@randatmail.com,370-1245-91,gyltjmmoxf,67114026,"Japanese Language & Culture in Kyoto, Japan"
Caroline,Tucker,c.tucker@randatmail.com,222-0077-82,gyo26ed2ti,44703284,"Japanese Language & Culture in Kyoto, Japan"
Vivian,Crawford,v.crawford@randatmail.com,352-0495-93,gyym3osaf9,86387804,"Fashion Design & French Culture in Paris, France"
Daisy,Owens,d.owens@randatmail.com,913-1072-70,h3jzjn0t5j,24435394,"Japanese Language & Culture in Kyoto, Japan"
Aiden,Miller,a.miller@randatmail.com,993-4263-26,h55ddypyvz,50082215,"French Language & Culture in Paris, France"
Kristian,Brooks,k.brooks@randatmail.com,040-7743-74,h6fre6byhj,76740600,"Spanish Language & Culture in Palma de Mallorca, Spain"
Kelsey,Hamilton,k.hamilton@randatmail.com,548-7226-01,h9a08yvd8c,55810997,"Spanish Language & Culture in Madrid, Spain"
Kimberly,Parker,k.parker@randatmail.com,466-9060-67,harvqc8nau,24447474,"Japanese Language & Culture in Kyoto, Japan"
Marcus,Perkins,m.perkins@randatmail.com,189-7633-42,hbalz9mrmk,99329098,"Japanese Language & Culture in Kyoto, Japan"
Sarah,Armstrong,s.armstrong@randatmail.com,667-0909-72,hcingjsr0h,13208427,"K-Pop Immersion in Seoul, South Korea"
Martin,Holmes,m.holmes@randatmail.com,700-7851-65,hdlk60x9n9,46514401,"Spanish Language & Culture in Barcelona, Spain"
Julia,Bennett,j.bennett@randatmail.com,593-6134-60,hk0pml3e5l,74779774,"Ocean Conservation & Sustainability in Cape Town, South Africa"
Derek,Parker,d.parker@randatmail.com,918-8022-97,hmnqbq0fgn,97630432,"Japanese Language & Culture in Kyoto, Japan"
Belinda,Brown,b.brown@randatmail.com,114-5602-15,hodz8kpies,77936557,"K-Pop Immersion in Seoul, South Korea"
Anna,Evans,a.evans@randatmail.com,632-2288-15,hqk2txk4dl,82174172,"Japanese Language & Culture in Tokyo, Japan"
Vincent,Ellis,v.ellis@randatmail.com,383-4099-24,hqzag9dzdh,57623877,"Japanese Language & Culture in Kyoto, Japan"
Lilianna,Armstrong,l.armstrong@randatmail.com,599-3964-31,hrdpnljz7s,96015530,"Japanese Language & Culture in Kyoto, Japan"
Lucia,Harrison,l.harrison@randatmail.com,485-9848-95,hs6bybc4vw,40317894,"Spanish Language & Culture in Madrid, Spain"
Sofia,Kelly,s.kelly@randatmail.com,947-0553-24,hv7rhj6ljp,11549844,"French Language & Culture in Paris, France"
Natalie,Grant,n.grant@randatmail.com,671-0914-09,hvcp1nalft,19317537,"Spanish Language & Culture in Palma de Mallorca, Spain"
Marcus,Bennett,m.bennett@randatmail.com,327-1072-85,hvin98u93w,66331277,"Smart Cities and Sustainability in Amsterdam, Netherlands"
Victoria,Anderson,v.anderson@randatmail.com,368-7643-24,hxw1cu2l5w,64139003,"Fashion Design & French Culture in Paris, France"
Tony,Alexander,t.alexander@randatmail.com,978-0484-54,hypc76sudu,94088592,"German Language & Culture in Berlin, Germany"
Ted,Clark,t.clark@randatmail.com,085-5583-95,i2p6xyrto5,73893663,"Honors Spanish Language & Culture in Madrid, Spain"
April,Casey,a.casey@randatmail.com,623-9182-34,i6qx4139l7,78375487,"French Language & Culture in Toulouse, France"
Lyndon,Nelson,l.nelson@randatmail.com,993-0200-22,iey644eqye,74339596,"Japanese Language & Culture in Kyoto, Japan"
Charlie,Reed,c.reed@randatmail.com,755-3851-36,if5pnb0nzb,80199013,"Japanese Language & Culture in Kyoto, Japan"
Antony,Hawkins,a.hawkins@randatmail.com,861-5867-50,iicsz0jq8l,48407977,"Spanish Language & Culture in Barcelona, Spain"
Anna,Rogers,a.rogers@randatmail.com,252-5259-46,ikb6kvjnhs,54516272,"Japanese Language & Culture in Kyoto, Japan"
Florrie,Kelly,f.kelly@randatmail.com,168-5958-17,ips9v6liin,91133354,"French Language & Culture in Paris, France"
Vivian,Johnson,v.johnson@randatmail.com,616-3564-42,iqqwsxo4v1,35513178,"Spanish Language & Culture in Barcelona, Spain"
Tyler,Cameron,t.cameron@randatmail.com,565-4477-26,iufag2ws7n,51055539,"Japanese Language & Culture in Kyoto, Japan"
Brianna,Hunt,b.hunt@randatmail.com,193-0154-26,ivhqo8yfv1,56390733,"Spanish Language & Culture in Barcelona, Spain"
Adelaide,Wright,a.wright@randatmail.com,203-2707-44,iwguauatt1,90238471,"Japanese Language & Culture in Tokyo, Japan"
Lyndon,Morgan,l.morgan@randatmail.com,484-3786-96,iwro88jm7l,36550103,"Japanese Language & Culture in Kyoto, Japan"
Miranda,Andrews,m.andrews@randatmail.com,790-2561-40,j5qmvvzx60,47848017,"Theatre Arts Behind the Scenes in London, UK"
Thomas,Richardson,t.richardson@randatmail.com,715-7615-77,j9c1ri0eh3,19141391,"Japanese Language & Culture in Kyoto, Japan"
Evelyn,Parker,e.parker@randatmail.com,261-1008-01,j9m7s6n1zn,17861364,"Japanese Language & Culture in Kyoto, Japan"
Oliver,Cameron,o.cameron@randatmail.com,498-5591-67,jbbat1k2vw,11640354,"Spanish Language & Culture in Seville, Spain"
Daniel,Hill,d.hill@randatmail.com,434-2439-34,jcvrxvprsb,63916649,"Spanish Language & Culture in Barcelona, Spain"
Alford,Hill,a.hill@randatmail.com,453-4191-00,jcwsugvb5q,56311704,"Spanish Language & Culture in Barcelona, Spain"
Sophia,Harper,s.harper@randatmail.com,848-1146-94,jeldoi55yz,23588459,"Spanish Language & Culture in Madrid, Spain"
Fiona,Spencer,f.spencer@randatmail.com,456-6506-70,jh7chkazkh,19929482,"Japanese Language & Culture in Kyoto, Japan"
Elise,Sullivan,e.sullivan@randatmail.com,477-1103-50,jhntsj6t2o,88513505,"Japanese Language & Culture in Kyoto, Japan"
Adam,Wells,a.wells@randatmail.com,229-9504-07,jjfkdq40y7,59371702,"Japanese Language & Culture in Kyoto, Japan"
Melanie,Johnston,m.johnston@randatmail.com,243-8866-45,jm6ldvlrlc,25226997,"French Language & Culture in Paris, France"
Edward,Cunningham,e.cunningham@randatmail.com,961-9399-81,jmnegdeujl,69537074,"Honors Spanish Language & Culture in Madrid, Spain"
Lucas,Watson,l.watson@randatmail.com,900-9702-56,jwa2yqzuwq,45436091,"Japanese Language & Culture in Kyoto, Japan"
Savana,Cameron,s.cameron@randatmail.com,412-7985-05,jzy0r1ogbb,95568527,"Italian Language & Culture in Rome, Italy"
Paige,Ross,p.ross@randatmail.com,126-0548-43,k0zyc6xwi3,52915538,"Japanese Language & Culture in Kyoto, Japan"
Frederick,Thomas,f.thomas@randatmail.com,108-8862-75,k68ccvgxz4,76133327,"Japanese Language & Culture in Kyoto, Japan"
Annabella,Ellis,a.ellis@randatmail.com,071-6884-27,k84fwxqp8q,58415532,"Honors French Language & Culture in Rennes, France"
Albert,Elliott,a.elliott@randatmail.com,341-7639-75,kbbnw0jieb,74824346,"Taking Climate Action in Copenhagen, Denmark"
Cadie,Cole,c.cole@randatmail.com,469-0231-05,kc6srxccaz,36420594,"French Language & Culture in Paris, France"
Gianna,Douglas,g.douglas@randatmail.com,284-6607-41,kcjhav6quj,54456684,"Smart Cities and Sustainability in Amsterdam, Netherlands"
Fiona,Wells,f.wells@randatmail.com,587-8541-03,kcwa0z7ge4,55048035,"Japanese Language & Culture in Tokyo, Japan"
Steven,Cole,s.cole@randatmail.com,020-1986-61,kg0pdzue2c,74009137,"German Language & Culture in Berlin, Germany"
Alina,Spencer,a.spencer@randatmail.com,537-0658-02,kgpt53t2f0,11604333,"Japanese Language & Culture in Kyoto, Japan"
Chelsea,Barrett,c.barrett@randatmail.com,653-7499-23,kh23qx4dwp,83015484,"Spanish Language & Argentinian Culture in Buenos Aires, Argentina"
Chloe,Armstrong,c.armstrong@randatmail.com,794-3852-93,kk6bagv5y1,83262697,"Connecting Italian Art, History & Culture in Rome, Italy"
Robert,Wright,r.wright@randatmail.com,762-4407-95,kkbq1djf6v,12229960,"Japanese Language & Culture in Tokyo, Japan"
Kellan,Murphy,k.murphy@randatmail.com,336-7036-93,kkcjl0x0u1,54801617,"Japanese Language & Culture in Kyoto, Japan"
Agata,Scott,a.scott@randatmail.com,784-8784-49,kkrcjjbkcs,20343808,"Japanese Language & Culture in Kyoto, Japan"
William,Harper,w.harper@randatmail.com,955-3808-63,km2liatroc,97857658,"Spanish Language & Culture in Madrid, Spain"
Kristian,Reed,k.reed@randatmail.com,699-0596-92,kmrvlevpjg,40032892,"Japanese Language & Culture in Kyoto, Japan"
Adrianna,Gray,a.gray@randatmail.com,624-2147-08,kn3q9bn3es,56729111,"Spanish Language & Culture in Barcelona, Spain"
William,Thomas,w.thomas@randatmail.com,942-9368-77,kogy0z42p1,64151105,"Japanese Language & Culture in Kyoto, Japan"
Preston,Kelley,p.kelley@randatmail.com,610-3063-17,kprlgd7crv,44108417,"French Language & Culture in Paris, France"
Carina,Rogers,c.rogers@randatmail.com,202-4564-04,kps4dkjwyd,92798851,"Japanese Language & Culture in Kyoto, Japan"
Lenny,Barnes,l.barnes@randatmail.com,705-3977-96,ksevorwcy0,54073746,"K-Pop Immersion in Seoul, South Korea"
Ned,Mason,n.mason@randatmail.com,812-3290-37,ktl8hcpdcp,24341955,"French Language & Culture in Paris, France"
Lucas,Grant,l.grant@randatmail.com,322-8990-83,kua1jffsdx,15720392,"Spanish Language & Culture in Madrid, Spain"
Kelsey,Roberts,k.roberts@randatmail.com,642-2362-93,kvw5evbkbl,39203614,"Japanese Language & Culture in Kyoto, Japan"
Thomas,Davis,t.davis@randatmail.com,614-1032-76,l21sletyfh,60393543,"Leadership & Service in Public Health in Santiago, Dominican Republic"
April,Ryan,a.ryan@randatmail.com,662-7645-08,l22evvpmc2,97057737,"Japanese Language & Culture in Kyoto, Japan"
Anna,Kelly,a.kelly@randatmail.com,450-9419-40,l49dxlkh91,46022768,"French Language & Culture in Paris, France"
Charlie,Nelson,c.nelson@randatmail.com,486-0630-01,l4fsg8l07x,52659652,"Japanese Language & Culture in Kyoto, Japan"
Lily,Fowler,l.fowler@randatmail.com,494-9770-48,l527qka10t,67444395,"Spanish Language & Culture in Barcelona, Spain"
Patrick,Howard,p.howard@randatmail.com,617-5183-34,l5avzusskq,53027066,"Spanish Language & Culture in Barcelona, Spain"
Maximilian,Ellis,m.ellis@randatmail.com,930-3986-78,l79m9r5evb,70685210,"Inside World Governance in Amsterdam, Netherlands"
Justin,Howard,j.howard@randatmail.com,248-7644-66,ladj7qahqg,25799926,"Spanish Language & Culture in Barcelona, Spain"
Charlotte,Richards,c.richards@randatmail.com,137-9984-76,lh524y6qqo,74005718,"Japanese Language & Culture in Kyoto, Japan"
Bruce,Cooper,b.cooper@randatmail.com,554-3477-46,lht04tfcm2,66678555,"Global Entrepreneurship in Berlin, Germany"
Olivia,Scott,o.scott@randatmail.com,854-1388-34,lq2lenv8hl,28891845,"Japanese Language & Culture in Kyoto, Japan"
Cherry,Martin,c.martin@randatmail.com,993-1003-55,lubpp3dvp4,14702102,"French Language & Culture in Paris, France"
Aida,Cameron,a.cameron@randatmail.com,067-5967-89,luqda3wknr,14226080,"Ocean Conservation & Sustainability in Cape Town, South Africa"
Florrie,Holmes,f.holmes@randatmail.com,394-5880-40,lw7x6vs8ea,37423364,"Spanish Language & Culture in Barcelona, Spain"
Daryl,Brown,d.brown@randatmail.com,167-5921-51,lxhquz94fn,16455844,"Spanish Language & Culture in Barcelona, Spain"
Connie,Barnes,c.barnes@randatmail.com,774-0854-57,m015z25wfj,42099423,"Japanese Language & Culture in Kyoto, Japan"
Isabella,Douglas,i.douglas@randatmail.com,401-5441-63,m1lbnzuk9i,62656621,"Spanish Language & Argentinian Culture in Buenos Aires, Argentina"
Isabella,Cameron,i.cameron@randatmail.com,677-3497-18,m2g62h3e7i,41094839,"Spanish Language & Culture in Barcelona, Spain"
Kellan,Dixon,k.dixon@randatmail.com,178-5546-56,m5vd4vrxut,10238809,"Leadership & Service Through Mandela's Example in Cape Town, South Africa"
Jessica,Parker,j.parker@randatmail.com,814-5905-58,m9ovnom2yw,80662258,"Japanese Language & Culture in Kyoto, Japan"
Grace,Scott,g.scott@randatmail.com,424-5301-63,mc4oliww0b,58231132,"Japanese Language & Culture in Kyoto, Japan"
Sawyer,Carroll,s.carroll@randatmail.com,138-7331-79,mde6xc4tbf,56026954,"Spanish Language & Culture in Barcelona, Spain"
Kimberly,Brown,k.brown@randatmail.com,036-1247-65,me4hvlkuli,28858232,"Spanish Language & Culture in Palma de Mallorca, Spain"
Lydia,Phillips,l.phillips@randatmail.com,956-0714-83,mfc4bdc6qa,14053094,"Japanese Language & Culture in Kyoto, Japan"
Lydia,Johnston,l.johnston@randatmail.com,385-4098-13,mfjzij23g4,88461881,"French Language & Culture in Paris, France"
Brianna,Taylor,b.taylor@randatmail.com,874-3624-21,mg6mybirlk,80467765,"Japanese Language & Culture in Kyoto, Japan"
Derek,Thomas,d.thomas@randatmail.com,794-2260-76,mgd9dipsr7,56665594,"Japanese Language & Culture in Kyoto, Japan"
Frederick,Douglas,f.douglas@randatmail.com,907-7035-26,mk5db3ox08,27624418,"Ocean Conservation & Sustainability in Cape Town, South Africa"
Jessica,Spencer,j.spencer@randatmail.com,586-5368-98,mo1to1r5hr,30721063,"Japanese Language & Culture in Kyoto, Japan"
Edwin,West,e.west@randatmail.com,514-5331-58,modxl7s1mv,35947137,"Japanese Language & Culture in Tokyo, Japan"
Paige,Cooper,p.cooper@randatmail.com,000-9826-26,mr81gan6wv,20409854,"Honors Spanish Language & Culture in Madrid, Spain"
Violet,Stevens,v.stevens@randatmail.com,603-2792-77,msmnoz64ag,81962344,"Japanese Language & Culture in Kyoto, Japan"
Spike,Carter,s.carter@randatmail.com,782-9938-02,mt045joz21,34911833,"French Language & Culture in Paris, France"
Stuart,Crawford,s.crawford@randatmail.com,311-4142-85,mt5sbv7goq,64078791,"Engineering in the Home of Airbus in Toulouse, France"
Kirsten,Bailey,k.bailey@randatmail.com,075-8024-57,muo7yvv2i9,55102849,"Leadership & Service in Youth Development in Yucatan, Mexico"
Michelle,Mitchell,m.mitchell@randatmail.com,280-7756-74,mv2noefzde,35193705,"French Language & Culture in Paris, France"
Vivian,Williams,v.williams@randatmail.com,533-7057-14,myo3d0j280,66276478,"Japanese Language & Culture in Kyoto, Japan"
Lana,Farrell,l.farrell@randatmail.com,776-7834-55,mzazqdydms,90402313,"Leadership & Service in Youth Development in Yucatan, Mexico"
Caroline,Brooks,c.brooks@randatmail.com,486-0738-96,n2o7fok3ce,57047100,"Spanish Language & Culture in Madrid, Spain"
Derek,Higgins,d.higgins@randatmail.com,658-3493-49,n3gtl3v6l0,65514653,"Spanish Language & Culture in Barcelona, Spain"
Garry,Perry,g.perry@randatmail.com,922-0705-33,n4ihtoand3,79634151,"Japanese Language & Culture in Kyoto, Japan"
Rebecca,Anderson,r.anderson@randatmail.com,103-9071-66,n587i2nst6,93188666,"Spanish Language & Culture in Seville, Spain"
Edith,Campbell,e.campbell@randatmail.com,432-8472-40,n5wkqdn2ze,56037558,"Japanese Pop Culture: Anime, Manga & Gaming in Tokyo, Japan"
Justin,Carter,j.carter@randatmail.com,920-9032-18,navla4fmdf,64444119,"Spanish Language & Culture in Seville, Spain"
Mary,Allen,m.allen@randatmail.com,043-0332-89,nc1nj84prm,61588557,"Leadership & Service in Youth Development in Santiago, Dominican Republic"
Isabella,Chapman,i.chapman@randatmail.com,161-7602-15,nep0cho7ex,19948020,"Honors Spanish Language & Culture in Madrid, Spain"
Camila,Myers,c.myers@randatmail.com,311-2010-63,ner4k7w46p,51514553,"Japanese Language & Culture in Kyoto, Japan"
George,Richards,g.richards@randatmail.com,589-4538-54,nklknsn54p,76820720,"Japanese Language & Culture in Kyoto, Japan"
Mike,Elliott,m.elliott@randatmail.com,511-4668-64,nl686l6boc,76864782,"Spanish Language & Mexican Culture in Yucatan, Mexico"
Caroline,Robinson,c.robinson@randatmail.com,577-6101-95,nqee7nl9jr,51626144,"Japanese Language & Culture in Kyoto, Japan"
Heather,Williams,h.williams@randatmail.com,452-4844-36,nqmddwc9dv,91770383,"Japanese Language & Culture in Tokyo, Japan"
Richard,Ryan,r.ryan@randatmail.com,608-3543-36,nqxejsubfe,53388598,"Japanese Language & Culture in Kyoto, Japan"
Kelsey,Ferguson,k.ferguson@randatmail.com,487-9918-39,ns2wbtq9gd,67607252,"Spanish Language & Culture in Palma de Mallorca, Spain"
Julia,Russell,j.russell@randatmail.com,511-5763-53,ntfu7119oh,61282721,"Japanese Language & Culture in Kyoto, Japan"
Ryan,Warren,r.warren@randatmail.com,515-5201-09,numoiwi5q8,79680231,"Japanese Language & Culture in Kyoto, Japan"
Alford,Morris,a.morris@randatmail.com,502-1999-67,nxyw8yffdp,45650949,"Japanese Language & Culture in Kyoto, Japan"
Dale,Nelson,d.nelson@randatmail.com,983-9765-37,o0pnlx2esy,66461750,"Japanese Language & Culture in Kyoto, Japan"
Alford,Carter,a.carter@randatmail.com,690-7914-56,o1ovi4mjev,53097290,"Spanish Language & Culture in Palma de Mallorca, Spain"
Hailey,Spencer,h.spencer@randatmail.com,435-3324-38,o1vllhvvxe,67699356,"Japanese Language & Culture in Kyoto, Japan"
Alina,Harper,a.harper@randatmail.com,161-6236-70,o56m6mqfqs,57195324,"Spanish Language & Culture in Barcelona, Spain"
Grace,Wells,g.wells@randatmail.com,890-4886-25,o6b21egppe,53222014,"Japanese Language & Culture in Tokyo, Japan"
Madaline,Richardson,m.richardson@randatmail.com,669-9222-41,o9cssbgope,88530639,"Japanese Language & Culture in Kyoto, Japan"
Daryl,Cunningham,d.cunningham@randatmail.com,616-3761-80,o9w8cuintg,49934572,"Honors French Language & Culture in Rennes, France"
Violet,Cunningham,v.cunningham@randatmail.com,474-9174-55,oc8q8s8209,51480360,"Japanese Language & Culture in Kyoto, Japan"
Jacob,Barnes,j.barnes@randatmail.com,272-0141-22,oe6oj170a2,83034210,"Japanese Pop Culture: Anime, Manga & Gaming in Tokyo, Japan"
Luke,Morris,l.morris@randatmail.com,102-8528-84,oiez4s4b1k,48873355,"Japanese Language & Culture in Kyoto, Japan"
Eddy,Stevens,e.stevens@randatmail.com,132-5141-22,oj8vao1oq3,55377894,"Japanese Language & Culture in Kyoto, Japan"
Michelle,Jones,m.jones@randatmail.com,664-7216-38,ojq4qtysas,27109478,"French Language & Culture in Paris, France"
John,Grant,j.grant@randatmail.com,588-0525-06,okpxk5n47o,46777564,"Spanish Language & Culture in Seville, Spain"
Frederick,Craig,f.craig@randatmail.com,530-3323-57,oltv2wgp1t,24773172,"Aquatic Ecosystems & Sustainability in Lisbon, Portugal"
Fiona,Lloyd,f.lloyd@randatmail.com,910-8648-55,on5afreah0,49524856,"French Language & Culture in Paris, France"
Kevin,Foster,k.foster@randatmail.com,310-8261-88,oqbbi2i3xr,36127698,"Spanish Language & Culture in Madrid, Spain"
Isabella,Allen,i.allen@randatmail.com,095-0643-56,orrdty6j4g,99691179,"Taking Climate Action in Copenhagen, Denmark"
Cherry,Russell,c.russell@randatmail.com,780-9514-46,otslr87to5,73372146,"Japanese Language & Culture in Kyoto, Japan"
Patrick,Chapman,p.chapman@randatmail.com,699-2659-43,oyuj6qmjkt,61403190,"French Language & Culture in Paris, France"
Dominik,Reed,d.reed@randatmail.com,938-6145-53,p1akahss01,90466424,"Japanese Language & Culture in Kyoto, Japan"
Patrick,Ryan,p.ryan@randatmail.com,359-8574-25,p71gk9m8p4,17554799,"Japanese Language & Culture in Kyoto, Japan"
Ryan,Harrison,r.harrison@randatmail.com,132-9200-32,pbf7vbvmzz,14861685,"Spanish Language & Culture in Barcelona, Spain"
Emily,Baker,e.baker@randatmail.com,666-4274-15,pcoyc5gz6k,29751183,"Chinese Language & Taiwanese Culture in Taipei, Taiwan"
Lyndon,Russell,l.russell@randatmail.com,757-4278-79,pd7tnorrsw,71288829,"Japanese Language & Culture in Kyoto, Japan"
Byron,Foster,b.foster@randatmail.com,634-9503-11,pdvvn2fjd0,41190480,"Theatre Arts Behind the Scenes in London, UK"
Kelvin,Higgins,k.higgins@randatmail.com,062-1689-27,ph3n3kxnyz,48162956,"Spanish Language & Culture in Barcelona, Spain"
Oscar,Hill,o.hill@randatmail.com,514-4892-95,pjbfue99lv,75322496,"Spanish Language & Culture in Barcelona, Spain"
Darcy,Smith,d.smith@randatmail.com,201-3034-21,pk9e9iwwsi,25178574,"Japanese Language & Culture in Kyoto, Japan"
Elian,Higgins,e.higgins@randatmail.com,740-0832-97,pkmv8zm8kx,47800787,"Spanish Language & Culture in Barcelona, Spain"
Ashton,Bailey,a.bailey@randatmail.com,450-8759-68,pl2eu55tak,76883308,"Arabic Language & Moroccan Culture in Rabat, Morocco"
Vincent,Brooks,v.brooks@randatmail.com,173-7954-15,poz8ybya1b,89704462,"Japanese Language & Culture in Kyoto, Japan"
Ted,Perkins,t.perkins@randatmail.com,618-4067-91,pp2550hmvg,16262163,"Japanese Language & Culture in Kyoto, Japan"
Eric,Chapman,e.chapman@randatmail.com,206-3596-38,ppocx3zlgw,27371614,"Global Entrepreneurship in Dublin, Ireland"
Rafael,Bailey,r.bailey@randatmail.com,521-6919-41,ppxq9aw06v,45518763,"Inside World Governance in Amsterdam, Netherlands"
Audrey,Ross,a.ross@randatmail.com,328-5996-70,pqfvlhmzn0,53311532,"Japanese Language & Culture in Kyoto, Japan"
Aida,Hamilton,a.hamilton@randatmail.com,566-1990-29,pqwnc4wppw,93823900,"Spanish Language & Culture in Barcelona, Spain"
Sophia,Stevens,s.stevens@randatmail.com,680-4478-17,pthmqnu7js,92434099,"Japanese Language & Culture in Kyoto, Japan"
Amber,Ferguson,a.ferguson@randatmail.com,002-1761-71,pueb7kr3hl,21759019,"Ocean Conservation & Sustainability in Cape Town, South Africa"
Madaline,Nelson,m.nelson@randatmail.com,927-4278-18,pve5gc3vh5,52939970,"Japanese Language & Culture in Kyoto, Japan"
Robert,Sullivan,r.sullivan@randatmail.com,347-9294-57,pvu56x8h9h,91968333,"Japanese Language & Culture in Kyoto, Japan"
Adison,Riley,a.riley@randatmail.com,423-8813-07,pxy8pv0yp0,96608517,"Japanese Language & Culture in Kyoto, Japan"
Henry,Morgan,h.morgan@randatmail.com,814-7887-48,py0jen3w2m,32191822,"Japanese Language & Culture in Kyoto, Japan"
Derek,Turner,d.turner@randatmail.com,992-5513-18,pz1it16m52,54979141,"Japanese Language & Culture in Kyoto, Japan"
Leonardo,Stewart,l.stewart@randatmail.com,764-6656-60,q03eb86spz,56791808,"Japanese Language & Culture in Kyoto, Japan"
Justin,Gibson,j.gibson@randatmail.com,220-7492-04,q2txxwgunp,97984423,"Spanish Language & Culture in Palma de Mallorca, Spain"
Elian,Gray,e.gray@randatmail.com,957-7991-69,q5h76irksd,77412067,"Spanish Language & Culture in Palma de Mallorca, Spain"
Vincent,Mason,v.mason@randatmail.com,199-1691-48,q71a0e1z9x,96872121,"French Language & Culture in Paris, France"
Connie,Evans,c.evans@randatmail.com,280-4236-66,q9h4xclgp4,22785515,"Japanese Pop Culture: Anime, Manga & Gaming in Tokyo, Japan"
Dexter,Adams,d.adams@randatmail.com,468-2443-35,qavxesjge9,26772436,"Spanish Language & Argentinian Culture in Buenos Aires, Argentina"
Ned,Harrison,n.harrison@randatmail.com,520-3886-83,qdandd3x32,80891404,"Spanish Language & Culture in Madrid, Spain"
Olivia,Warren,o.warren@randatmail.com,910-3669-17,qdfslml2gy,21794116,"Japanese Language & Culture in Kyoto, Japan"
Charlotte,Taylor,c.taylor@randatmail.com,667-8272-48,qkwznrhfjr,12193045,"Japanese Language & Culture in Kyoto, Japan"
Grace,Crawford,g.crawford@randatmail.com,373-5426-69,qkys3s11f2,34476647,"Climate Change Mitigation in Monteverde, Costa Rica"
Andrew,Montgomery,a.montgomery@randatmail.com,157-6541-25,qmsulhtz53,59394069,"French Language & Culture in Paris, France"
Lydia,Hall,l.hall@randatmail.com,842-0216-73,qowh53vd1a,74539744,"Spanish Language & Culture in Madrid, Spain"
Lucas,Chapman,l.chapman@randatmail.com,824-4793-96,qtjmri4j6n,77315456,"Honors Spanish Language & Culture in Seville, Spain"
Vivian,Gray,v.gray@randatmail.com,675-3123-57,quyps22j5j,99823510,"Spanish Language & Culture in Barcelona, Spain"
Frederick,Harrison,f.harrison@randatmail.com,375-7542-74,qxsglx6ar0,98557233,"Spanish Language & Culture in Barcelona, Spain"
Julia,Brown,j.brown@randatmail.com,105-2906-79,qzhir8u7o1,32755512,"Spanish Language & Culture in Madrid, Spain"
Maximilian,Clark,m.clark@randatmail.com,182-4345-87,r124ho4qyn,42918333,"Global Entrepreneurship in Berlin, Germany"
Wilson,Wright,w.wright@randatmail.com,454-7397-48,r1gz4pshge,29213555,"Japanese Language & Culture in Tokyo, Japan"
Michelle,Wells,m.wells@randatmail.com,394-2757-17,r4nbjc4cc3,83153775,"Japanese Language & Culture in Tokyo, Japan"
Aldus,Harrison,a.harrison@randatmail.com,778-8939-20,r4tq18fsna,79858455,"Spanish Language & Culture in Barcelona, Spain"
Freddie,Perkins,f.perkins@randatmail.com,381-8727-86,r6bxlidaj6,71580515,"Japanese Language & Culture in Kyoto, Japan"
Kelvin,Miller,k.miller@randatmail.com,687-6166-43,r75gg9ms8k,56819744,"French Language & Culture in Paris, France"
Abraham,Davis,a.davis@randatmail.com,022-1273-75,r7dmfw2qux,18720171,"Japanese Language & Culture in Tokyo, Japan"
Adelaide,Harris,a.harris@randatmail.com,205-2022-73,r7qhuxhzwv,58385733,"Spanish Language & Culture in Barcelona, Spain"
Carl,Brown,c.brown@randatmail.com,513-7939-11,r7tp5fpym1,25970634,"Spanish Language & Argentinian Culture in Buenos Aires, Argentina"
Chester,Wright,c.wright@randatmail.com,924-6638-87,r83xheqpc2,18202284,"Japanese Language & Culture in Tokyo, Japan"
Lilianna,Brooks,l.brooks@randatmail.com,024-7883-16,r8vfm7zv86,29054492,"Spanish Language & Culture in Seville, Spain"
Alfred,Clark,a.clark@randatmail.com,118-6256-19,rbqlxfic9y,46786117,"French Language & Culture in Toulouse, France"
Max,Morrison,m.morrison@randatmail.com,321-2025-85,re707lbpml,53592100,"Japanese Language & Culture in Kyoto, Japan"
Grace,Hall,g.hall@randatmail.com,234-4598-80,rfnzdygddw,13833173,"Spanish Language & Culture in Madrid, Spain"
Natalie,Ferguson,n.ferguson@randatmail.com,486-0439-74,rfofkamki0,23120644,"Spanish Language & Culture in Seville, Spain"
Isabella,Wright,i.wright@randatmail.com,374-6511-58,rgyr8t4b3g,42791614,"Japanese Language & Culture in Tokyo, Japan"
Rubie,Farrell,r.farrell@randatmail.com,649-6309-92,rhodfwag72,71352175,"Leadership & Service Through Mandela's Example in Cape Town, South Africa"
Steven,Myers,s.myers@randatmail.com,590-9896-62,riwzbngbjf,46990935,"Japanese Language & Culture in Kyoto, Japan"
Sienna,Barrett,s.barrett@randatmail.com,392-4561-41,rmethpfcyj,78718123,"Spanish Language & Culture in Palma de Mallorca, Spain"
Alina,Williams,a.williams@randatmail.com,853-5375-34,roi2sc0gh3,68819943,"Japanese Language & Culture in Tokyo, Japan"
Alberta,Sullivan,a.sullivan@randatmail.com,957-0393-84,rrodip7f46,79817391,"Japanese Language & Culture in Kyoto, Japan"
Luke,Howard,l.howard@randatmail.com,651-2622-97,rtdui9wc01,34222873,"Spanish Language & Culture in Barcelona, Spain"
Joyce,Richards,j.richards@randatmail.com,048-1240-46,ruxse7cbda,88774914,"Japanese Language & Culture in Kyoto, Japan"
Blake,Bennett,b.bennett@randatmail.com,917-1997-92,rv1zx7zn0v,94127798,"Spanish Language & Mexican Culture in Yucatan, Mexico"
Jasmine,Anderson,j.anderson@randatmail.com,458-3615-28,rv4a7h6iw7,26977917,"Mediterranean Marine Ecosystems & Sustainability in Palma de Mallorca, Spain"
Edwin,Ferguson,e.ferguson@randatmail.com,036-7554-02,s014jkvqzl,59373959,"Spanish Language & Culture in Madrid, Spain"
Albert,Johnson,a.johnson@randatmail.com,774-7759-27,s08ua8s3xe,83369333,"Spanish Language & Culture in Barcelona, Spain"
Edgar,Robinson,e.robinson@randatmail.com,982-5103-95,s3v6azmrec,75496990,"Japanese Language & Culture in Kyoto, Japan"
Fiona,Wilson,f.wilson@randatmail.com,339-7975-07,s64xgym0kk,68055984,"Japanese Language & Culture in Tokyo, Japan"
James,Perry,j.perry@randatmail.com,415-8188-21,s6a1zrq6c3,73269044,"Japanese Language & Culture in Kyoto, Japan"
Vanessa,Davis,v.davis@randatmail.com,670-8575-54,sbzwhk32ly,98479043,"Leadership & Service in Youth Development in Mohammedia, Morocco"
Haris,Morrison,h.morrison@randatmail.com,121-4760-75,se98h8cr2w,40740509,"Japanese Language & Culture in Kyoto, Japan"
Kevin,Baker,k.baker@randatmail.com,967-8472-67,sf514lx02h,89398708,"Leadership & Service Through Mandela's Example in Cape Town, South Africa"
Eddy,Howard,e.howard@randatmail.com,298-7873-60,sfwd433f2l,45644748,"Spanish Language & Culture in Barcelona, Spain"
Spike,Spencer,s.spencer@randatmail.com,232-8775-18,sgzcbjd1oh,50930884,"Japanese Language & Culture in Kyoto, Japan"
Edwin,Barnes,e.barnes@randatmail.com,264-4235-12,sidoqjrlmw,61585745,"Japanese Language & Culture in Tokyo, Japan"
Florrie,Higgins,f.higgins@randatmail.com,686-1335-14,sj9kvevpr2,20549351,"Spanish Language & Culture in Barcelona, Spain"
Owen,Brown,o.brown@randatmail.com,808-4847-33,smawocd09r,74492769,"Spanish Language & Mexican Culture in Yucatan, Mexico"
Kelvin,Hall,k.hall@randatmail.com,736-6753-95,snmy01em26,65582935,"Spanish Language & Culture in Barcelona, Spain"
Elian,Richards,e.richards@randatmail.com,737-8730-95,srdbw3do7r,24795817,"Japanese Language & Culture in Kyoto, Japan"
Tiana,Gibson,t.gibson@randatmail.com,371-9898-24,srqvusaiov,25396858,"Spanish Language & Culture in Barcelona, Spain"
Edgar,Harrison,e.harrison@randatmail.com,247-5282-62,st65ws6f8a,28787713,"Spanish Language & Culture in Madrid, Spain"
Eleanor,Moore,e.moore@randatmail.com,214-8451-12,t43cpt181y,48610084,"French Language & Culture in Paris, France"
David,Douglas,d.douglas@randatmail.com,607-4343-77,t8w6jrnhra,26543094,"Ocean Conservation & Sustainability in Cape Town, South Africa"
Edgar,Carroll,e.carroll@randatmail.com,478-9172-97,t9f0f116pg,24464507,"Ocean Conservation & Sustainability in Cape Town, South Africa"
Derek,Murray,d.murray@randatmail.com,998-0697-83,tgj6e17cvb,94162468,"Japanese Language & Culture in Kyoto, Japan"
Sabrina,Hawkins,s.hawkins@randatmail.com,078-1267-64,tgo6dp0fwq,61225367,"Spanish Language & Culture in Barcelona, Spain"
Alissa,Carroll,a.carroll@randatmail.com,015-9702-55,tjuhh4wzhm,97662023,"Mediterranean Marine Ecosystems & Sustainability in Palma de Mallorca, Spain"
Joyce,Holmes,j.holmes@randatmail.com,473-5363-08,tjyz2g8gwp,76078525,"Spanish Language & Culture in Barcelona, Spain"
Charlotte,Murphy,c.murphy@randatmail.com,060-9665-86,tk1zj7z67u,91101534,"Japanese Language & Culture in Kyoto, Japan"
Thomas,Edwards,t.edwards@randatmail.com,800-3013-64,tlk3izq723,31740429,"Spanish Language & Mexican Culture in Yucatan, Mexico"
Miley,Harper,m.harper@randatmail.com,780-5963-89,tlnuqyt6to,39413819,"Spanish Language & Culture in Madrid, Spain"
Caroline,Perry,c.perry@randatmail.com,422-0262-46,tmudbhu5q9,90653212,"Japanese Language & Culture in Kyoto, Japan"
Kate,Cooper,k.cooper@randatmail.com,206-1534-08,tn8zdzu9x3,54910745,"Global Entrepreneurship in Singapore, Singapore"
Reid,Fowler,r.fowler@randatmail.com,296-8926-77,tunfg8z3c9,26390955,"Spanish Language & Culture in Seville, Spain"
Mary,Stevens,m.stevens@randatmail.com,302-1860-94,tv1vptji97,21594822,"Japanese Language & Culture in Kyoto, Japan"
Patrick,Thomas,p.thomas@randatmail.com,348-4325-06,tvs00k8pz0,22103862,"Japanese Language & Culture in Kyoto, Japan"
Henry,Cameron,h.cameron@randatmail.com,849-0429-09,txembo7dpi,68601505,"Spanish Language & Argentinian Culture in Buenos Aires, Argentina"
Vincent,Carroll,v.carroll@randatmail.com,328-4486-95,txx87dgtx5,94959970,"Spanish Language & Culture in Madrid, Spain"
Lana,Owens,l.owens@randatmail.com,344-7723-20,u2abvtahgu,18172320,"Japanese Language & Culture in Kyoto, Japan"
Leonardo,Campbell,l.campbell@randatmail.com,224-0013-36,u3z2m2he5v,10069303,"Leadership & Service in Children's Education in Legon, Ghana"
Kristian,Harrison,k.harrison@randatmail.com,141-7671-90,u41t4j2zzb,88163687,"Spanish Language & Culture in Barcelona, Spain"
Rubie,Craig,r.craig@randatmail.com,202-9915-18,u7ftwdzkj5,33039909,Australian Wildlife Conservation From Land to Sea
Ted,Warren,t.warren@randatmail.com,573-9360-51,u891phxjwe,35649442,"Japanese Language & Culture in Kyoto, Japan"
Alford,Baker,a.baker@randatmail.com,233-8132-27,u8wq15lkts,24312795,"Global Entrepreneurship in Singapore, Singapore"
Byron,Richards,b.richards@randatmail.com,494-2373-59,u97bu7872i,39981317,"Japanese Language & Culture in Kyoto, Japan"
Chester,Ferguson,c.ferguson@randatmail.com,046-6734-59,uc4lc2p7xt,94952765,"Spanish Language & Argentinian Culture in Buenos Aires, Argentina"
Ellia,Alexander,e.alexander@randatmail.com,255-6309-61,ucul88u7qk,63212809,"Climate Change Mitigation in Monteverde, Costa Rica"
Jack,Perkins,j.perkins@randatmail.com,942-9981-71,uizyr493gu,58343219,"Japanese Language & Culture in Kyoto, Japan"
Maddie,Thompson,m.thompson@randatmail.com,615-2602-81,uj7gg1z34z,44015283,"Japanese Language & Culture in Kyoto, Japan"
Jacob,Crawford,j.crawford@randatmail.com,076-4709-41,uk2q1u1gf3,59208989,"Connecting Italian Art, History & Culture in Rome, Italy"
Ned,Armstrong,n.armstrong@randatmail.com,431-1072-28,ukc2klb0bm,60841177,"Japanese Language & Culture in Tokyo, Japan"
Preston,Holmes,p.holmes@randatmail.com,968-1868-95,unfx7v4wlf,13669851,"Spanish Language & Culture in Barcelona, Spain"
Ashton,Anderson,a.anderson@randatmail.com,101-2200-68,uo8yl7s69m,56243444,"Spanish Language & Culture in Madrid, Spain"
Haris,Kelly,h.kelly@randatmail.com,526-4287-23,uq5vb133mm,46095560,"French Language & Culture in Paris, France"
Evelyn,Johnston,e.johnston@randatmail.com,002-3312-69,usrxgxri8q,19896825,"Spanish Language & Culture in Barcelona, Spain"
Edith,Nelson,e.nelson@randatmail.com,768-4044-88,uv5ppi3r1a,24217606,"Japanese Language & Culture in Kyoto, Japan"
Lucas,Thompson,l.thompson@randatmail.com,848-0397-34,uz1cvd31hh,27806448,"Japanese Language & Culture in Kyoto, Japan"
Carina,Ryan,c.ryan@randatmail.com,343-9920-55,uzyhxjwv0s,46063863,"Japanese Language & Culture in Kyoto, Japan"
Roland,Jones,r.jones@randatmail.com,610-1621-36,v2rjh3m06o,80958040,"French Language & Culture in Paris, France"
Carina,Morrison,c.morrison@randatmail.com,236-2894-80,v3l2bhh8f4,65377894,"Japanese Language & Culture in Kyoto, Japan"
Kelsey,Richards,k.richards@randatmail.com,848-6570-26,v6bko4so28,73267994,"Japanese Language & Culture in Kyoto, Japan"
Heather,Watson,h.watson@randatmail.com,133-4789-39,v885u0szqk,22878491,"Japanese Language & Culture in Kyoto, Japan"
Sophia,Farrell,s.farrell@randatmail.com,656-7995-53,v9tnaboxn7,45446259,"Mediterranean Marine Ecosystems & Sustainability in Palma de Mallorca, Spain"
Briony,Richardson,b.richardson@randatmail.com,228-1092-92,vbxffk50sg,79640914,"Japanese Language & Culture in Kyoto, Japan"
Caroline,Farrell,c.farrell@randatmail.com,399-9372-10,veujt6psu3,47745159,"Leadership & Service in Youth Development in Santiago, Dominican Republic"
Tess,Rogers,t.rogers@randatmail.com,985-2242-89,vfi5m18skh,56754521,"Japanese Language & Culture in Kyoto, Japan"
Alford,Stewart,a.stewart@randatmail.com,669-3878-36,vfkvjf9k7f,45961447,"Japanese Language & Culture in Kyoto, Japan"
Leonardo,Roberts,l.roberts@randatmail.com,659-2975-17,vgewsyfmtg,99485497,"Japanese Language & Culture in Kyoto, Japan"
Florrie,Robinson,f.robinson@randatmail.com,184-7908-69,vip3x7ir1p,44480097,"Japanese Language & Culture in Kyoto, Japan"
Samantha,Bailey,s.bailey@randatmail.com,011-6929-10,vjlhyb3xpm,56999180,"Aquatic Ecosystems & Sustainability in Lisbon, Portugal"
Grace,Montgomery,g.montgomery@randatmail.com,828-1856-96,vjzeleot88,50493620,"French Language & Culture in Paris, France"
Carl,Andrews,c.andrews@randatmail.com,037-9864-98,vlsh2b2ekr,56099875,"Honors French Language & Culture in Rennes, France"
Heather,Fowler,h.fowler@randatmail.com,842-8032-10,vmag3hv0tv,14038239,"Spanish Language & Culture in Seville, Spain"
Lily,Foster,l.foster@randatmail.com,715-6897-91,vnb3o72aob,17004430,"Spanish Language & Culture in Palma de Mallorca, Spain"
Andrew,Moore,a.moore@randatmail.com,122-9821-52,vo4jjtbvvi,87754031,"French Language & Culture in Paris, France"
Sarah,Richardson,s.richardson@randatmail.com,409-6414-88,vq8vombf1t,52056763,"Japanese Language & Culture in Kyoto, Japan"
Kelsey,Armstrong,k.armstrong@randatmail.com,298-6968-34,vrb2u5d3vr,34352969,"Italian Language & Culture in Rome, Italy"
Victor,Lloyd,v.lloyd@randatmail.com,739-4752-62,vu59f6toj4,30828382,"French Language & Culture in Paris, France"
Chloe,Cooper,c.cooper@randatmail.com,488-2879-17,vv6yb3ex7b,95858919,"Global Entrepreneurship in Dublin, Ireland"
Miley,Alexander,m.alexander@randatmail.com,846-0327-50,vw7p3c0qaj,41045867,"Art-Making in Prague's Creative Studios, Czech Republic"
Vanessa,Grant,v.grant@randatmail.com,504-8053-74,vxe35z0mfv,16888720,"Spanish Language & Culture in Seville, Spain"
Kellan,Nelson,k.nelson@randatmail.com,482-4269-38,vz01cizepa,72616857,"Japanese Language & Culture in Kyoto, Japan"
Robert,Hunt,r.hunt@randatmail.com,326-2914-54,w16oha4sq3,43588470,"Spanish Language & Culture in Barcelona, Spain"
Oliver,Fowler,o.fowler@randatmail.com,269-8128-23,w2e8rlxfh3,26062990,"Spanish Language & Culture in Palma de Mallorca, Spain"
Michelle,Hamilton,m.hamilton@randatmail.com,780-5954-16,w5emrnctgz,24124125,"Spanish Language & Culture in Barcelona, Spain"
Fenton,Myers,f.myers@randatmail.com,057-7319-02,w9e14d3vd1,54750346,"Japanese Language & Culture in Kyoto, Japan"
Samantha,West,s.west@randatmail.com,501-5355-66,waks9jvafd,76602639,"Japanese Language & Culture in Tokyo, Japan"
Aiden,Murphy,a.murphy@randatmail.com,174-1465-51,wcqjaih442,24992890,"Japanese Language & Culture in Kyoto, Japan"
Miley,Stewart,m.stewart@randatmail.com,799-1451-94,wcworgi2yc,15485827,"Japanese Language & Culture in Kyoto, Japan"
John,Carroll,j.carroll@randatmail.com,360-8949-79,wdrir9mmyf,92952674,"Smart Cities and Sustainability in Amsterdam, Netherlands"
Luke,Robinson,l.robinson@randatmail.com,718-1829-52,wgrlkuxuyi,97696068,"Japanese Language & Culture in Kyoto, Japan"
Dexter,Carroll,d.carroll@randatmail.com,890-0653-02,wh3g300f0f,92940934,"Ocean Conservation & Sustainability in Cape Town, South Africa"
Abigail,Parker,a.parker@randatmail.com,445-0513-17,whfw2ec5oa,85001214,"Japanese Language & Culture in Kyoto, Japan"
Natalie,Wright,n.wright@randatmail.com,860-5153-70,witpzvdsb5,41039809,"Japanese Language & Culture in Tokyo, Japan"
Carl,Lloyd,c.lloyd@randatmail.com,848-8552-23,wm0x3fuoly,49795722,"French Language & Culture in Paris, France"
James,Mitchell,j.mitchell@randatmail.com,963-7083-25,x29lrygg8n,74982720,"French Language & Culture in Paris, France"
Maximilian,Thomas,m.thomas@randatmail.com,593-3664-01,x5n409c6wg,78238036,"Japanese Language & Culture in Kyoto, Japan"
Kevin,Davis,k.davis@randatmail.com,111-5752-55,x9lv6fthxp,48416137,"K-Pop Immersion in Seoul, South Korea"
Oliver,Clark,o.clark@randatmail.com,247-3716-23,xf9vz5xmqj,43571570,"Global Entrepreneurship in Dublin, Ireland"
Lana,Casey,l.casey@randatmail.com,547-3473-35,xfus9wlt02,69850956,"German Language & Culture in Berlin, Germany"
Maya,Reed,m.reed@randatmail.com,594-0216-83,xj5d1hot3o,70859698,"Japanese Language & Culture in Kyoto, Japan"
Heather,Tucker,h.tucker@randatmail.com,290-1613-10,xjeu55b61w,71551419,"Japanese Language & Culture in Kyoto, Japan"
Preston,Armstrong,p.armstrong@randatmail.com,199-9575-84,xmlg7zf7d9,77429379,"Japanese Pop Culture: Anime, Manga & Gaming in Tokyo, Japan"
Amy,Murray,a.murray@randatmail.com,141-7629-10,xrr4gy7h0o,32652964,"Japanese Language & Culture in Kyoto, Japan"
Bruce,Brooks,b.brooks@randatmail.com,351-6795-13,xt8jaipx2w,58510281,"Spanish Language & Culture in Barcelona, Spain"
Albert,Nelson,a.nelson@randatmail.com,080-1823-72,xtjrxe0d5x,29647763,"Japanese Language & Culture in Kyoto, Japan"
Sienna,Campbell,s.campbell@randatmail.com,226-8241-91,xzj3m29y2a,40252913,"Leadership & Service in Youth Development in Santiago, Dominican Republic"
Grace,Stevens,g.stevens@randatmail.com,530-7784-05,y3pajy8wlo,67949837,"Japanese Language & Culture in Kyoto, Japan"
John,Nelson,j.nelson@randatmail.com,024-5472-20,y4exvea6q9,86654131,"Japanese Language & Culture in Kyoto, Japan"
Clark,Wilson,c.wilson@randatmail.com,180-5820-13,y6bonv818v,13664587,"Japanese Language & Culture in Kyoto, Japan"
Henry,Roberts,h.roberts@randatmail.com,266-6775-69,y6rhx93zzr,38192590,"Japanese Language & Culture in Kyoto, Japan"
Madaline,Cunningham,m.cunningham@randatmail.com,012-3260-79,y9hijq0643,67948934,"Inside World Governance in Amsterdam, Netherlands"
Lenny,Cunningham,l.cunningham@randatmail.com,334-3627-46,ya3pakhrql,80175357,"Honors Spanish Language & Culture in Seville, Spain"
Valeria,Richardson,v.richardson@randatmail.com,688-7547-16,ybjyr6dab3,77533241,"Japanese Language & Culture in Kyoto, Japan"
Violet,Murray,v.murray@randatmail.com,619-4478-26,yd8xw5vcqv,62946594,"Japanese Language & Culture in Kyoto, Japan"
Adele,Edwards,a.edwards@randatmail.com,766-3503-65,yfwgt58olw,35215122,"Spanish Language & Culture in Palma de Mallorca, Spain"
Sophia,Turner,s.turner@randatmail.com,130-0017-91,yhyyvy0e6j,59087343,"Japanese Language & Culture in Kyoto, Japan"
Valeria,Russell,v.russell@randatmail.com,966-1144-87,yikjujxj83,78031398,"Japanese Language & Culture in Kyoto, Japan"
Sarah,Hill,s.hill@randatmail.com,733-1354-92,ys3qocyn1r,16855938,"Spanish Language & Culture in Barcelona, Spain"
Joyce,Warren,j.warren@randatmail.com,342-9475-58,ywyzhy84t8,86212096,"Japanese Language & Culture in Kyoto, Japan"
Garry,Mitchell,g.mitchell@randatmail.com,789-0737-59,z0en4y9sts,88406801,"French Language & Culture in Paris, France"
Justin,Robinson,j.robinson@randatmail.com,823-0842-71,z317av5r5a,65918683,"Japanese Language & Culture in Kyoto, Japan"
Kimberly,Jones,k.jones@randatmail.com,084-8751-09,z6t2zzbrzk,40828216,"French Language & Culture in Paris, France"
Martin,Ross,m.ross@randatmail.com,619-3792-97,z7m53fgc8b,44401046,"Japanese Language & Culture in Kyoto, Japan"
Richard,Reed,r.reed@randatmail.com,116-2982-82,z8m50wv40r,54623157,"Japanese Language & Culture in Kyoto, Japan"
Daniel,Ferguson,d.ferguson@randatmail.com,257-2566-92,zabmcqj7y8,86029157,"Spanish Language & Culture in Barcelona, Spain"
Sofia,Johnston,s.johnston@randatmail.com,309-2363-86,zc3pueuelw,63475155,"French Language & Culture in Paris, France"
Evelyn,Cameron,e.cameron@randatmail.com,354-7777-71,zcjj9e7r8y,38490181,"Ocean Conservation & Sustainability in Cape Town, South Africa"
Nicholas,Scott,n.scott@randatmail.com,976-3573-80,zi98kl4de8,29377957,"Japanese Language & Culture in Kyoto, Japan"
Charlotte,Mitchell,c.mitchell@randatmail.com,148-8795-19,zic7bfi8rq,93446060,"French Language & Culture in Paris, France"
Natalie,Sullivan,n.sullivan@randatmail.com,325-8916-48,zilyv6h3pt,60766158,"Japanese Language & Culture in Kyoto, Japan"
Annabella,Morgan,a.morgan@randatmail.com,571-6327-37,ziow6g7t9z,14122732,"French Language & Culture in Paris, France"
Florrie,Hill,f.hill@randatmail.com,380-2214-79,zmqsnf00vp,49839097,"Spanish Language & Culture in Barcelona, Spain"
Ashton,Higgins,a.higgins@randatmail.com,313-0014-59,zu9tf1xrue,85721348,"Spanish Language & Culture in Barcelona, Spain"
Haris,Perry,h.perry@randatmail.com,978-4781-66,zuhysa149p,64962601,"Japanese Language & Culture in Kyoto, Japan"
Andrew,Gibson,a.gibson@randatmail.com,898-5282-28,zz25bv4kro,69170871,"Spanish Language & Culture in Barcelona, Spain"
John,Tucker,j.tucker@randatmail.com,010-8235-98,zzvejfa0pp,90903163,"Japanese Language & Culture in Kyoto, Japan"
Penelope,Perry,p.perry@randatmail.com,747-6845-03,zzvxw9mwxr,95662812,"Japanese Language & Culture in Kyoto, Japan"
Kimberly,Barrett,k.barrett@randatmail.com,504-4020-92,zzwg65h5g5,37798435,"Spanish Language & Culture in Madrid, Spain"
Brooke,Elliott,b.elliott@randatmail.com,912-1802-31,zzz2gd59qi,17444198,"Theatre Arts Behind the Scenes in London, UK"
